,City,Cloudiness,Country,Date,Humidity,Lat,Lng,Max Temp,Wind Speed
0,Upernavik,100,GL,1604937981,81,72.79,-56.15,-0.13,9.73
1,Albany,1,US,1604937967,81,42.6,-73.97,63.0,3.36
2,Palana,55,RU,1604938083,94,59.12,159.97,19.18,7.14
3,George Town,20,MY,1604937836,94,5.41,100.34,78.8,3.36
4,Busselton,57,AU,1604937962,69,-33.65,115.33,54.0,17.83
5,Ko Samui,84,TH,1604938083,80,9.54,99.94,81.57,12.17
6,Luangwa,34,ZM,1604938083,15,-15.62,30.42,97.48,5.46
7,Saint-Philippe,75,RE,1604938084,73,-21.36,55.77,75.2,6.93
8,Manokwari,65,ID,1604938084,77,-0.87,134.08,79.79,1.45
9,Tigre,90,AR,1604938084,72,-34.43,-58.58,71.01,10.29
10,Narsaq,75,GL,1604938084,86,60.92,-46.05,28.4,1.81
11,Alofi,40,NU,1604938084,94,-19.06,-169.92,71.6,9.17
12,Nelson Bay,0,AU,1604937813,93,-32.72,152.15,53.01,3.91
13,Thinadhoo,100,MV,1604938084,72,0.53,72.93,83.84,12.97
14,Lebu,9,CL,1604938085,75,-37.62,-73.65,57.69,18.52
15,Jamestown,1,US,1604937915,51,42.1,-79.24,64.99,6.93
16,Puerto Ayora,75,EC,1604938085,83,-0.74,-90.35,73.4,12.75
17,Los Llanos de Aridane,75,ES,1604938085,73,28.66,-17.92,71.6,4.7
18,Rikitea,46,PF,1604938085,76,-23.12,-134.97,73.6,17.58
19,Talnakh,40,RU,1604938085,92,69.49,88.4,15.8,6.71
20,Mataura,1,NZ,1604938086,95,-46.19,168.86,37.53,2.08
21,New Norfolk,99,AU,1604937962,63,-42.78,147.06,55.99,2.93
22,Bluff,2,NZ,1604937972,84,-46.6,168.33,45.54,6.93
23,Esperance,40,AU,1604937985,93,-33.87,121.9,57.2,17.22
24,Hirara,98,JP,1604938086,76,24.8,125.28,72.9,25.84
25,Thompson,90,CA,1604937841,85,55.74,-97.86,14.0,13.87
26,Manggar,90,ID,1604938086,75,-2.88,108.27,80.89,3.87
27,Harper,64,LR,1604938087,77,4.38,-7.72,81.34,8.32
28,Kapaa,75,US,1604937975,88,22.08,-159.32,77.0,17.22
29,Trairi,35,BR,1604937817,52,-3.28,-39.27,89.6,17.16
30,Atbasar,100,KZ,1604938087,93,51.8,68.33,35.47,10.51
31,Ghanzi,14,BW,1604938087,19,-21.57,21.78,93.6,3.15
32,Martapura,87,ID,1604938087,89,-3.42,114.85,74.71,1.25
33,Bambous Virieux,40,MU,1604937970,78,-20.34,57.76,73.99,10.29
34,Bathsheba,40,BB,1604938088,79,13.22,-59.52,86.0,13.87
35,Khandyga,0,RU,1604938088,86,62.67,135.6,-17.91,2.06
36,Punta Arenas,90,CL,1604937738,86,-53.15,-70.92,41.0,12.75
37,Kem',96,RU,1604938088,83,64.96,34.58,36.34,15.64
38,Murdochville,99,CA,1604938088,93,48.96,-65.5,37.4,5.82
39,Limoeiro do Ajuru,76,BR,1604938088,58,-1.9,-49.38,88.84,7.07
40,Wilmington,75,US,1604938067,83,34.23,-77.94,75.99,11.41
41,Castro,37,BR,1604937978,35,-24.79,-50.01,83.97,9.48
42,Kavieng,47,PG,1604937989,77,-2.57,150.8,81.03,5.23
43,Vaini,20,TO,1604937968,100,-21.2,-175.2,68.0,3.36
44,Airai,100,TL,1604938089,87,-8.93,125.41,62.06,2.33
45,Murgab,13,TM,1604938089,66,37.5,61.97,51.8,2.24
46,Broken Hill,23,AU,1604938089,26,-31.95,141.43,78.8,10.29
47,Petropavlovsk-Kamchatskiy,100,RU,1604938089,78,53.05,158.65,17.6,8.95
48,Saskylakh,100,RU,1604938089,93,71.92,114.08,6.24,28.88
49,Jaumave,20,MX,1604938089,83,23.42,-99.38,73.99,5.82
50,Dikson,100,RU,1604937973,94,73.51,80.55,5.79,10.04
51,Haicheng,0,CN,1604938090,70,40.85,122.75,35.29,3.56
52,Kahului,1,US,1604938090,78,20.89,-156.47,73.0,5.82
53,Torbay,75,CA,1604937917,64,47.67,-52.73,39.99,17.22
54,Wakkanai,100,JP,1604938090,92,45.41,141.67,32.97,9.95
55,Limbang,75,MY,1604938090,83,4.75,115.0,80.6,6.93
56,Zonguldak,4,TR,1604938091,87,41.25,31.83,49.41,1.16
57,Port Alfred,100,ZA,1604937976,65,-33.59,26.89,62.08,15.66
58,Ariquemes,100,BR,1604938018,56,-9.91,-63.04,85.32,4.36
59,Butaritari,23,KI,1604937967,74,3.07,172.79,81.43,12.06
60,Gukovo,75,RU,1604938091,87,48.05,39.93,46.4,4.47
61,Mishelevka,0,RU,1604938091,97,52.86,103.17,29.79,1.07
62,Hobart,100,AU,1604937937,71,-42.88,147.33,55.99,6.93
63,Irbeyskoye,100,RU,1604938091,90,55.64,95.45,37.94,12.06
64,Kieta,100,PG,1604937984,78,-6.22,155.63,79.7,1.54
65,Palmer,20,US,1604937976,71,42.16,-72.33,66.0,3.15
66,Bredasdorp,0,ZA,1604937975,45,-34.53,20.04,64.4,16.11
67,Shakhtinsk,90,KZ,1604938092,86,49.71,72.59,33.8,26.84
68,Altamirano,28,MX,1604938092,58,16.88,-92.15,69.75,2.39
69,Mar del Plata,75,AR,1604937834,77,-38.0,-57.56,68.0,12.75
70,Ollon,0,CH,1604938092,92,46.3,6.99,52.0,1.7
71,Oranjestad,75,AW,1604938092,88,12.52,-70.03,80.6,4.7
72,Cidreira,100,BR,1604937963,89,-30.18,-50.21,67.8,17.43
73,Sobolevo,37,RU,1604938093,87,54.43,31.9,34.39,7.67
74,Severo-Kuril'sk,100,RU,1604937968,94,50.68,156.12,35.76,19.71
75,Kovdor,53,RU,1604938093,97,67.57,30.48,29.19,9.04
76,Port Elizabeth,0,ZA,1604937986,63,-33.92,25.57,60.8,14.99
77,Barrow,90,US,1604937980,78,71.29,-156.79,14.0,16.11
78,Kamina,54,CD,1604938093,84,-8.74,24.99,73.62,4.63
79,Ahipara,55,NZ,1604938093,90,-35.17,173.17,53.15,6.2
80,Brae,75,GB,1604938097,93,60.4,-1.35,51.8,8.05
81,Ushuaia,0,AR,1604938097,34,-54.8,-68.3,48.2,5.82
82,Avarua,80,CK,1604937965,100,-21.21,-159.78,69.8,3.36
83,Baoshan,0,CN,1604938097,87,46.56,131.42,13.93,8.77
84,Gualaquiza,92,EC,1604938097,52,-3.4,-78.55,77.76,1.7
85,Lüderitz,0,NA,1604938097,42,-26.65,15.16,69.28,36.01
86,Rincon,40,US,1604938098,78,32.3,-81.24,79.0,14.99
87,Aklavik,75,CA,1604938098,84,68.22,-135.01,-2.2,9.17
88,Mahajanga,20,MG,1604938098,58,-15.72,46.32,86.0,8.05
89,Saldanha,0,ZA,1604937972,45,-33.01,17.94,62.6,19.46
90,Coquimbo,75,CL,1604937739,77,-29.95,-71.34,59.0,13.87
91,Boussé,21,BF,1604938098,11,12.66,-1.89,93.42,9.44
92,Hermanus,6,ZA,1604937966,53,-34.42,19.23,63.0,1.99
93,Saint George,90,US,1604937974,71,37.1,-113.58,39.99,4.7
94,Guerrero Negro,56,MX,1604938099,49,27.98,-114.06,66.9,12.68
95,Nikolskoye,90,RU,1604937970,75,59.7,30.79,42.8,17.9
96,Tsuyama,16,JP,1604938099,94,35.05,134.0,41.0,1.01
97,Catherinas Lust,12,GY,1604938099,64,6.4,-57.6,85.77,10.45
98,Bengkulu,100,ID,1604937988,84,-3.8,102.27,76.3,4.72
99,Erchie,20,IT,1604938099,82,40.44,17.73,66.2,12.75
100,Atuona,10,PF,1604937970,75,-9.8,-139.03,76.98,12.03
101,Carauari,76,BR,1604938084,60,-4.88,-66.9,87.22,5.7
102,Waingapu,100,ID,1604938100,71,-9.66,120.26,81.16,5.26
103,Hue,75,VN,1604938100,94,16.47,107.6,71.6,8.05
104,Missoula,90,US,1604938100,92,47.02,-113.8,19.0,3.36
105,Hilo,90,US,1604937962,64,19.73,-155.09,73.4,5.91
106,São Sebastião do Caí,100,BR,1604938100,84,-29.59,-51.38,73.0,5.99
107,Dudinka,40,RU,1604937992,92,69.41,86.18,15.8,6.71
108,Hithadhoo,100,MV,1604937846,75,-0.6,73.08,84.25,14.67
109,Katsuura,75,JP,1604938101,58,35.13,140.3,55.4,10.29
110,Bluefield,20,US,1604938101,77,37.27,-81.22,64.0,6.93
111,Goianápolis,40,BR,1604938101,40,-16.51,-49.02,89.6,6.93
112,Buraidah,75,SA,1604938101,51,26.33,43.98,80.6,18.34
113,Kaspiysk,0,RU,1604938101,81,42.88,47.64,48.2,8.95
114,Mahébourg,40,MU,1604937986,78,-20.41,57.7,73.4,10.29
115,Pechenga,75,RU,1604938102,91,69.53,31.17,32.0,18.34
116,Kloulklubed,75,PW,1604938102,94,7.04,134.26,75.2,4.7
117,Souillac,40,MU,1604937987,78,-20.52,57.52,73.4,10.29
118,Saint Paul Harbor,1,US,1604938102,48,57.79,-152.41,42.8,8.05
119,Ellisras,52,ZA,1604938102,17,-23.66,27.74,96.12,6.06
120,Udomlya,96,RU,1604938103,91,57.88,34.99,37.78,14.47
121,Mandalī,100,IQ,1604938103,74,33.75,45.55,67.64,12.3
122,Minsk,75,BY,1604937950,79,53.9,27.57,33.8,6.71
123,Mitsamiouli,44,KM,1604938103,75,-11.38,43.28,80.06,12.82
124,Hofn,90,IS,1604937987,93,64.25,-15.21,48.2,18.34
125,São Filipe,32,CV,1604938103,68,14.9,-24.5,82.24,9.01
126,Atoyac,5,MX,1604938103,63,20.02,-103.53,62.6,2.24
127,Acarí,69,PE,1604938104,44,-15.43,-74.62,76.48,10.69
128,Sola,96,VU,1604938104,80,-13.88,167.55,81.59,8.72
129,Najrān,0,SA,1604937822,22,17.49,44.13,80.6,6.93
130,Chui,100,UY,1604937991,61,-33.7,-53.46,69.1,11.07
131,Colares,40,PT,1604938104,72,38.8,-9.45,66.2,8.05
132,Haines Junction,86,CA,1604938104,69,60.75,-137.51,33.8,18.34
133,Ribeira Grande,75,PT,1604937988,77,38.52,-28.7,68.0,23.04
134,Cape Town,20,ZA,1604938061,48,-33.93,18.42,63.0,19.46
135,Lavrentiya,100,RU,1604937977,95,65.58,-171.0,32.85,25.66
136,Kaitangata,3,NZ,1604937978,72,-46.28,169.85,51.01,1.45
137,Tuktoyaktuk,90,CA,1604937965,84,69.45,-133.04,-2.2,13.87
138,Norman Wells,90,CA,1604938105,85,65.28,-126.83,21.2,10.29
139,Cap Malheureux,5,MU,1604937981,71,-19.98,57.61,73.99,5.99
140,Hualmay,98,PE,1604937981,61,-11.1,-77.61,69.42,10.76
141,Codrington,36,AU,1604937991,42,-38.27,141.97,68.65,13.0
142,Nome,90,US,1604937995,86,64.5,-165.41,28.4,18.34
143,Dongobesh,35,TZ,1604938105,64,-4.07,35.38,65.88,6.78
144,Qaanaaq,0,GL,1604937970,70,77.48,-69.36,-6.56,6.93
145,Dinahican,100,PH,1604938106,79,14.72,121.72,81.61,17.54
146,Manzanillo,11,CU,1604938106,71,20.34,-77.12,84.6,4.5
147,Labuhan,100,ID,1604938106,77,-6.88,112.21,80.74,6.26
148,Ponta do Sol,40,PT,1604937983,60,32.67,-17.1,68.0,9.17
149,Yellowknife,75,CA,1604937972,86,62.46,-114.35,28.4,6.93
150,Coyhaique,0,CL,1604938106,39,-45.58,-72.07,66.2,6.93
151,Grimshaw,75,CA,1604938106,78,56.18,-117.6,23.0,6.93
152,Berlevåg,20,NO,1604938107,83,70.86,29.09,32.0,43.62
153,Upington,0,ZA,1604938107,12,-28.45,21.26,80.6,13.87
154,Carnarvon,90,AU,1604937971,68,-24.87,113.63,68.0,19.46
155,Primorsko-Akhtarsk,72,RU,1604938107,76,46.05,38.17,52.34,7.63
156,East London,20,ZA,1604938107,93,-33.02,27.91,57.2,11.41
157,Arraial do Cabo,40,BR,1604938107,74,-22.97,-42.03,82.4,9.17
158,Tuatapere,5,NZ,1604938108,91,-46.13,167.68,41.2,3.51
159,Bharatpur,0,IN,1604938108,23,27.22,77.48,68.0,4.18
160,Springbok,0,ZA,1604938108,25,-29.66,17.89,66.34,17.58
161,Doembang Nangbuat,50,TH,1604938108,64,14.83,100.1,77.0,7.78
162,Lompoc,1,US,1604937966,92,34.64,-120.46,37.4,7.58
163,Hong Kong,100,HK,1604937902,72,22.29,114.16,73.99,1.01
164,Manhattan,1,US,1604937826,48,40.78,-73.97,70.0,4.38
165,Nadvoitsy,97,RU,1604938108,86,63.87,34.32,34.77,15.23
166,Tiksi,0,RU,1604938109,86,71.69,128.87,-8.68,5.59
167,Vyaz'ma,4,RU,1604938109,92,55.21,34.3,32.86,10.47
168,Porto-Novo,40,BJ,1604938109,74,6.5,2.6,86.0,12.75
169,Clyde River,75,CA,1604937985,70,70.47,-68.59,-0.4,14.99
170,Beloha,9,MG,1604937975,48,-25.17,45.05,79.9,13.62
171,Newport,96,GB,1604937897,97,51.59,-3.0,60.01,10.27
172,Woodend,96,NZ,1604938102,93,-43.32,172.67,48.0,5.82
173,Poum,89,NC,1604938109,79,-20.23,164.02,73.98,13.24
174,Normandin,74,CA,1604938110,100,48.83,-72.53,55.4,1.12
175,Mayo,1,US,1604937816,93,38.89,-76.51,72.0,4.7
176,Mopipi,49,BW,1604938110,23,-21.18,24.88,93.16,11.7
177,Noboribetsu,75,JP,1604938110,100,42.45,141.17,35.01,5.82
178,Bredy,7,RU,1604938110,91,52.42,60.34,31.15,15.75
179,Yarmolyntsi,60,UA,1604938110,87,49.19,26.84,45.0,1.99
180,Edson,90,CA,1604938110,84,53.58,-116.44,6.8,6.93
181,Palu,79,ID,1604938110,81,-0.89,119.87,75.18,2.91
182,Blythe,1,US,1604938111,52,33.61,-114.6,52.0,4.7
183,Tshikapa,100,CD,1604938111,92,-6.42,20.8,74.8,3.51
184,Zhigansk,73,RU,1604938111,88,66.77,123.37,-13.18,16.33
185,Kroya,97,ID,1604938111,86,-7.63,109.25,66.99,4.12
186,Khatanga,100,RU,1604937976,97,71.97,102.5,22.12,15.39
187,Bandarbeyla,0,SO,1604938111,83,9.49,50.81,77.7,16.62
188,Storforshei,40,NO,1604938112,93,66.4,14.52,37.0,3.36
189,Rio Branco,40,BR,1604937838,70,-9.97,-67.81,86.0,3.36
190,Tasiilaq,100,GL,1604937962,97,65.61,-37.64,32.23,51.18
191,Vila Velha,40,BR,1604938112,62,-20.33,-40.29,86.0,12.75
192,Chino Valley,75,US,1604938112,74,34.76,-112.45,37.0,9.24
193,Saint Anthony,90,US,1604938112,77,45.02,-93.22,64.99,16.11
194,Nosy Varika,5,MG,1604938112,83,-20.58,48.53,73.83,6.33
195,Shimoda,40,JP,1604938113,62,34.67,138.95,55.47,14.34
196,Bereket,0,TM,1604938113,40,39.24,55.52,54.93,5.75
197,Manacor,20,ES,1604938113,68,39.57,3.21,69.8,6.93
198,Shawnee,90,US,1604938113,77,39.05,-95.77,68.0,17.22
199,Saint-Augustin,100,CA,1604937987,75,51.23,-58.65,35.2,8.41
200,Tazmalt,40,DZ,1604938113,83,36.39,4.4,69.8,11.41
201,Mrkonjić Grad,90,BA,1604938113,100,44.42,17.09,42.8,2.24
202,Cabo San Lucas,5,MX,1604937964,60,22.89,-109.91,80.01,18.34
203,Egvekinot,100,RU,1604938113,97,66.32,-179.17,18.95,16.02
204,Bitlis Province,89,TR,1604938114,73,38.5,42.25,43.59,1.32
205,Ostrovnoy,73,RU,1604937987,81,68.05,39.51,35.89,22.97
206,Hasaki,40,JP,1604938114,81,35.73,140.83,44.6,5.82
207,Necochea,100,AR,1604938114,48,-38.55,-58.74,72.73,12.19
208,Galveston,40,US,1604937923,78,29.37,-94.97,79.0,11.41
209,Leer,12,SS,1604938114,38,8.3,30.14,80.89,2.3
210,El Alto,0,PE,1604938114,60,-4.27,-81.21,75.2,17.22
211,Kavaratti,95,IN,1604937977,75,10.57,72.64,83.95,7.09
212,Bongandanga,100,CD,1604938115,90,1.5,21.05,71.4,3.53
213,Macultepec,75,MX,1604938115,78,18.17,-92.83,78.8,4.07
214,Carrickfergus,72,GB,1604938115,93,54.72,-5.81,55.0,6.93
215,Praia,20,CV,1604938115,55,14.92,-23.51,86.0,23.04
216,Bahía Blanca,100,AR,1604938115,48,-38.72,-62.27,70.59,3.71
217,Vung Tau,100,VN,1604938116,73,10.35,107.08,80.01,15.73
218,Bubaque,19,GW,1604937986,74,11.28,-15.83,83.53,9.08
219,Pevek,99,RU,1604937973,93,69.7,170.31,18.1,6.69
220,Kamenka,0,RU,1604938116,73,51.32,42.77,36.0,6.53
221,Ndélé,24,CF,1604938116,44,8.41,20.65,82.71,3.6
222,Srednekolymsk,100,RU,1604938116,90,67.45,153.68,-9.36,3.8
223,Lancaster,0,US,1604937912,72,40.25,-76.25,68.0,1.01
224,Urengoy,100,RU,1604938117,95,65.97,78.37,9.19,5.39
225,Esmeraldas,75,BR,1604938117,45,-19.76,-44.31,87.8,4.7
226,Deputatsky,0,RU,1604938117,89,69.3,139.9,-18.17,2.8
227,Narasannapeta,0,IN,1604938117,66,18.42,84.05,71.87,7.7
228,Iwanai,99,JP,1604938117,87,42.97,140.51,34.5,12.77
229,Kautokeino,60,NO,1604938117,96,69.01,23.04,27.37,5.53
230,Santa Ana de Yusguare,90,HN,1604938117,94,13.3,-87.11,77.0,3.0
231,Nizhniy Baskunchak,33,RU,1604938118,59,48.22,46.83,47.03,6.49
232,Carlyle,33,US,1604938118,80,38.61,-89.37,71.01,8.01
233,Linxia Chengguanzhen,0,CN,1604938118,58,35.6,103.21,42.35,1.45
234,Pisco,90,PE,1604938118,82,-13.7,-76.22,64.4,6.93
235,Portland,90,US,1604937918,86,45.52,-122.68,34.0,6.93
236,Jimeta,3,NG,1604938118,23,9.28,12.47,93.63,3.38
237,Parrita,40,CR,1604938118,73,9.52,-84.32,75.99,5.82
238,Cocorit,75,MX,1604938119,55,27.58,-109.97,66.2,4.7
239,Tortolì,5,IT,1604938119,73,39.93,9.66,71.6,12.75
240,Ponta Delgada,40,PT,1604937869,72,37.73,-25.67,66.2,12.75
241,Ilulissat,75,GL,1604937983,66,69.22,-51.1,15.8,2.24
242,Sept-Îles,90,CA,1604938118,83,50.2,-66.38,34.0,3.36
243,Jijiga,0,ET,1604937988,56,9.35,42.8,67.48,13.91
244,Chokurdakh,84,RU,1604937971,90,70.63,147.92,-15.36,3.11
245,San Cristobal,40,VE,1604938120,66,7.77,-72.22,84.2,4.7
246,Funtua,0,NG,1604938120,28,11.52,7.31,83.64,6.64
247,Rapid Valley,90,US,1604937930,49,44.06,-103.15,26.01,23.04
248,Bac Lieu,100,VN,1604938120,82,9.29,105.72,77.38,5.99
249,Bumba,100,CD,1604938120,94,2.18,22.47,74.08,4.83
250,Skibbereen,20,IE,1604938120,87,51.55,-9.27,53.6,6.93
251,Tyrma,0,RU,1604938120,89,50.08,132.17,8.55,4.99
252,Magdagachi,0,RU,1604938120,91,53.45,125.8,2.16,1.16
253,Aban,100,RU,1604938121,90,56.67,96.06,35.19,9.35
254,Vardø,90,NO,1604938121,100,70.37,31.11,30.2,21.92
255,Bethel,1,US,1604937957,58,41.37,-73.41,70.0,3.42
256,Kharhiāl,0,IN,1604938121,61,20.28,82.77,64.26,1.72
257,Port Hawkesbury,90,CA,1604938025,87,45.62,-61.35,54.0,6.93
258,Mount Isa,0,AU,1604938121,25,-20.73,139.5,75.2,1.12
259,Jardim,62,BR,1604938121,27,-21.48,-56.14,100.83,11.3
260,Mackay,40,AU,1604938122,69,-21.15,149.2,73.4,14.99
261,Gamba,100,GA,1604938122,84,-2.65,10.0,76.03,5.41
262,Saint-François,0,FR,1604938122,72,46.42,3.91,62.6,6.93
263,Mpulungu,100,ZM,1604938122,56,-8.76,31.11,78.57,2.26
264,Voznesen'ye,98,RU,1604938122,77,61.01,35.48,38.41,17.65
265,Westerland,4,DE,1604938122,100,54.91,8.3,45.0,11.41
266,Laguna,1,US,1604938123,69,38.42,-121.42,39.99,3.36
267,Provideniya,100,RU,1604937967,97,64.38,-173.3,32.25,35.72
268,Filingué,74,NE,1604938123,11,14.35,3.32,92.21,10.54
269,Payo,100,ID,1604937984,95,-3.75,103.64,74.86,1.1
270,São João da Barra,90,BR,1604937991,78,-21.64,-41.05,80.6,7.76
271,Shelburne,90,CA,1604938123,43,44.08,-80.2,71.01,9.95
272,Longyearbyen,0,SJ,1604937969,73,78.22,15.64,19.4,2.24
273,Beipiao,0,CN,1604938124,80,41.79,120.78,32.88,3.11
274,Vrangel',0,RU,1604938124,83,42.73,133.08,30.07,12.55
275,Antofagasta,40,CL,1604937731,63,-23.65,-70.4,69.01,10.29
276,Samarai,100,PG,1604938124,86,-10.62,150.67,78.8,13.51
277,Plettenberg Bay,4,ZA,1604938124,60,-34.05,23.37,60.28,6.91
278,Faanui,81,PF,1604937981,82,-16.48,-151.75,78.22,17.36
279,Patancheru,0,IN,1604938124,55,17.53,78.27,69.8,4.7
280,Rambha,0,IN,1604938124,55,19.52,85.1,73.18,4.59
281,Rosetta,40,EG,1604938124,57,31.4,30.42,77.0,3.36
282,Fairbanks,75,US,1604937797,86,64.84,-147.72,28.4,1.12
283,Kaa-Khem,100,RU,1604938125,92,51.68,94.73,32.67,0.65
284,Cockburn Town,40,TC,1604938125,78,21.46,-71.14,82.4,20.8
285,Nabire,100,ID,1604937971,87,-3.37,135.48,76.48,3.29
286,Ha Giang,0,VN,1604938125,59,22.83,104.98,62.33,4.09
287,Salalah,0,OM,1604937984,61,17.02,54.09,82.4,2.24
288,Jalu,16,LY,1604938125,55,29.03,21.55,67.19,10.92
289,Tautira,75,PF,1604937989,94,-17.73,-149.15,71.6,3.36
290,Tagusao,2,PH,1604938126,80,9.19,117.81,79.68,4.74
291,Dinguiraye,0,GN,1604938126,19,11.3,-10.72,90.64,4.5
292,Sur,2,OM,1604937981,74,22.57,59.53,78.33,5.59
293,Bristol,0,US,1604937935,49,41.83,-71.17,72.0,4.5
294,La Seyne-sur-Mer,88,FR,1604938065,85,43.1,5.88,64.99,3.0
295,Tessalit,2,ML,1604938126,13,20.2,1.01,87.67,13.78
296,Dapaong,100,TG,1604938126,17,10.86,0.2,92.7,6.2
297,Babīna,0,IN,1604938126,26,25.25,78.47,66.9,3.47
298,Sosnovo-Ozerskoye,0,RU,1604938127,95,52.52,111.54,23.74,3.89
299,Havre-St-Pierre,90,CA,1604938127,91,50.23,-63.6,32.0,9.17
300,Byron Bay,75,AU,1604937923,93,-28.65,153.62,60.8,6.93
301,Shestakovo,100,RU,1604938127,93,56.49,103.96,33.08,3.83
302,Sorong,100,ID,1604938127,82,-0.88,131.25,80.1,5.73
303,Douglas,90,US,1604938127,72,41.3,-96.17,68.0,10.29
304,Roura,20,GF,1604938128,55,4.73,-52.33,89.6,12.75
305,Faya,40,SA,1604938128,72,18.39,42.45,68.0,9.17
306,Geraldton,75,AU,1604938128,59,-28.77,114.6,60.8,16.11
307,Rawson,40,AR,1604938128,35,-43.3,-65.1,79.14,11.77
308,Kichera,90,RU,1604938128,87,55.94,110.1,34.86,0.29
309,Hervey Bay,70,AU,1604937930,70,-25.3,152.85,64.0,1.01
310,Vestmannaeyjar,75,IS,1604937977,100,63.44,-20.27,46.4,23.04
311,Khani,0,GE,1604938129,93,41.96,42.96,51.8,2.24
312,Yanam,0,IN,1604938129,69,16.73,82.22,82.4,4.7
313,Östersund,0,SE,1604938129,80,63.18,14.64,39.2,5.82
314,Basco,100,PH,1604938129,83,20.45,121.97,78.62,33.29
315,Buala,0,SB,1604938129,79,-8.14,159.59,80.33,5.06
316,Ustupo,94,PA,1604938129,60,9.13,-77.93,85.71,3.4
317,Port Augusta,0,AU,1604938129,51,-32.5,137.77,73.99,14.47
318,Padang,100,ID,1604938130,77,-0.95,100.35,78.42,2.35
319,Siocon,59,PH,1604938130,82,7.71,122.14,78.78,3.38
320,Port Blair,0,IN,1604938130,82,11.67,92.75,80.92,8.88
321,Juneau,90,US,1604937843,93,58.3,-134.42,35.6,12.75
322,Sorochinsk,61,RU,1604938130,93,52.43,53.16,32.2,6.64
323,Belmonte,20,BR,1604938130,58,-15.86,-38.88,84.2,16.11
324,Nālūt,0,LY,1604938131,28,30.33,10.85,71.17,9.4
325,Beringovskiy,100,RU,1604937966,97,63.05,179.32,33.24,39.26
326,Avera,75,US,1604938131,78,33.19,-82.53,75.2,14.99
327,San Quintín,63,MX,1604937978,60,30.48,-115.95,59.49,11.27
328,Boyabat,3,TR,1604938131,57,41.47,34.77,53.58,1.92
329,Araouane,0,ML,1604938131,12,18.9,-3.53,91.47,11.43
330,Cagdianao,78,PH,1604938132,77,9.92,125.67,82.94,11.39
331,Ancud,0,CL,1604937991,59,-41.87,-73.82,62.6,13.87
332,Ulaanbaatar,0,MN,1604938132,73,47.91,106.88,21.2,4.65
333,Praia da Vitória,40,PT,1604938132,64,38.73,-27.07,68.0,22.57
334,Kirakira,55,SB,1604938132,81,-10.45,161.92,80.92,5.91
335,Dingle,100,PH,1604938132,91,11.0,122.67,75.31,5.03
336,Khokhryaki,99,RU,1604938132,77,56.92,53.32,34.0,1.99
337,Port Macquarie,53,AU,1604937992,83,-31.43,152.92,57.99,3.76
338,Naraura,0,IN,1604938133,25,28.2,78.38,67.89,1.5
339,Herat Province,0,AF,1604938133,54,34.5,62.0,55.4,8.05
340,Coahuayana Viejo,20,MX,1604938133,73,18.73,-103.68,73.4,0.87
341,Road Town,20,VG,1604937876,79,18.42,-64.62,84.2,10.29
342,Iqaluit,40,CA,1604938133,77,63.75,-68.51,5.0,11.41
343,The Valley,20,AI,1604938133,78,18.22,-63.06,86.0,17.22
344,Rockport,20,US,1604938134,88,28.02,-97.05,79.0,4.7
345,Ampanihy,16,MG,1604938134,30,-24.7,44.75,86.36,5.17
346,Butterworth,20,MY,1604938134,94,5.4,100.36,78.8,3.29
347,Freeport,1,US,1604937970,49,40.66,-73.58,70.0,3.36
348,Tullahoma,40,US,1604937948,64,35.36,-86.21,75.0,11.41
349,Qasigiannguit,75,GL,1604937969,66,68.82,-51.19,15.8,2.24
350,Bilma,0,NE,1604937993,23,18.69,12.92,79.79,5.95
351,Garden City,40,US,1604937802,59,42.33,-83.33,66.99,5.82
352,Winnemucca,90,US,1604937839,85,40.97,-117.74,23.0,5.82
353,Erzin,72,TR,1604938135,46,36.96,36.2,75.0,5.99
354,Lagoa,33,PT,1604938135,76,39.05,-27.98,64.62,15.23
355,Klaksvík,83,FO,1604937969,100,62.23,-6.59,50.0,11.41
356,Loknya,32,RU,1604938135,80,56.83,30.15,39.38,10.51
357,Sørland,75,NO,1604938135,60,67.67,12.69,39.2,11.41
358,Fuerte Olimpo,100,PY,1604938135,25,-21.04,-57.87,104.32,9.98
359,Kumul,4,CN,1604938135,71,42.8,93.45,36.72,0.81
360,Beira,20,MZ,1604938136,79,-19.84,34.84,84.2,21.92
361,Oistins,40,BB,1604938025,79,13.07,-59.53,86.0,13.87
362,Huambo,40,AO,1604938136,35,-12.78,15.74,86.0,9.17
363,Çorlu,40,TR,1604938136,82,41.16,27.8,57.2,11.41
364,Mezen',99,RU,1604938136,96,65.85,44.24,32.59,8.75
365,Mananjary,2,MG,1604938136,84,-21.22,48.33,73.36,7.72
366,Emerald,24,AU,1604938136,72,-23.53,148.17,66.2,8.05
367,Atessa,0,IT,1604938136,73,42.07,14.45,57.99,2.08
368,Matara,100,LK,1604938137,78,5.95,80.54,79.77,1.48
369,Mujiayingzi,0,CN,1604938137,80,42.12,118.78,34.16,4.7
370,Severomuysk,34,RU,1604938137,97,56.15,113.43,20.32,2.75
371,Ballina,75,AU,1604938137,93,-28.87,153.57,60.8,6.93
372,Stănileşti,90,RO,1604938137,93,46.62,28.17,44.6,6.93
373,Tateyama,30,JP,1604938137,32,34.98,139.87,54.0,4.0
374,Dongsheng,10,CN,1604938137,69,39.82,109.98,36.7,4.38
375,Fortuna,1,US,1604937962,100,40.6,-124.16,34.0,8.05
376,Jaciara,100,BR,1604938138,39,-15.97,-54.97,92.1,7.7
377,Mindelo,40,CV,1604938138,58,16.89,-24.98,84.2,29.97
378,Mangai,100,CD,1604938138,84,-4.05,19.53,72.09,3.29
379,Laguna de Duero,20,ES,1604938138,71,41.58,-4.72,57.99,6.93
380,Hobyo,29,SO,1604937969,77,5.35,48.53,81.18,18.81
381,Iracoubo,38,GF,1604938138,62,5.48,-53.2,85.26,8.68
382,Port Hardy,90,CA,1604937969,86,50.7,-127.42,42.8,4.7
383,Ascension,75,US,1604938139,78,30.22,-90.9,75.99,5.82
384,Nikki,23,BJ,1604938139,25,9.94,3.21,91.09,4.97
385,Zambezi,75,ZM,1604938139,24,-13.54,23.1,90.09,4.97
386,Chilca,90,PE,1604938139,64,-12.52,-76.74,69.01,8.05
387,Isangel,81,VU,1604937980,81,-19.55,169.27,74.39,14.56
388,Kalabo,94,ZM,1604938140,29,-14.97,22.68,88.63,10.33
389,Kruisfontein,9,ZA,1604938140,66,-34.0,24.73,59.0,1.99
390,Soe,100,ID,1604938029,97,-9.86,124.28,68.49,3.85
391,Ellsworth,90,US,1604938093,100,44.54,-68.42,55.0,5.82
392,Nouadhibou,0,MR,1604938140,50,20.93,-17.03,78.8,13.87
393,Miles City,90,US,1604938140,72,46.41,-105.84,17.6,17.22
394,Takoradze,33,GH,1604937868,73,4.88,-1.76,82.69,9.55
395,Kuruman,74,ZA,1604938141,33,-27.45,23.43,80.01,1.01
396,Moree,21,AU,1604938141,48,-29.47,149.85,66.2,14.99
397,Aykhal,90,RU,1604938141,92,66.0,111.5,8.6,13.42
398,San Jose,1,US,1604938040,51,37.34,-121.89,44.01,4.7
399,Semey,90,KZ,1604938141,60,50.41,80.23,41.0,22.37
400,Atar,0,MR,1604938141,32,20.52,-13.05,98.6,11.41
401,Charleston,1,US,1604938019,78,32.78,-79.93,80.01,12.75
402,Magán,27,ES,1604938142,63,39.97,-3.93,63.0,2.1
403,Ajdabiya,0,LY,1604938142,59,30.76,20.23,68.95,9.66
404,Meulaboh,100,ID,1604938142,88,4.14,96.13,77.81,4.05
405,Antiguo Morelos,1,MX,1604938142,63,22.55,-99.08,80.01,5.99
406,Paita,0,PE,1604938142,60,-5.09,-81.11,75.2,17.22
407,Panguna,100,PG,1604938142,100,-6.32,155.48,69.08,0.87
408,Caravelas,97,BR,1604937979,56,-17.71,-39.25,84.2,9.4
409,Rio Claro,0,BR,1604938143,28,-22.41,-47.56,95.0,9.17
410,Charters Towers,19,AU,1604938143,77,-20.1,146.27,67.44,14.9
411,Caudry,4,FR,1604938143,88,50.12,3.41,60.01,5.46
412,Sorgun,0,TR,1604938143,51,39.81,35.19,48.83,1.74
413,Sevsk,7,RU,1604938143,76,52.15,34.49,38.86,5.53
414,Chaoyang,0,CN,1604938143,74,41.57,120.46,35.11,2.59
415,Ust'-Kulom,99,RU,1604938143,99,61.69,53.69,29.82,4.25
416,Altoona,1,US,1604938144,67,40.52,-78.39,64.0,1.7
417,Sitka,90,US,1604937971,87,57.05,-135.33,42.8,5.06
418,Mehamn,100,NO,1604938144,84,71.04,27.85,35.2,28.59
419,Champerico,75,GT,1604938144,100,14.3,-91.92,77.0,1.19
420,Shakawe,58,BW,1604938144,17,-18.37,21.85,96.24,5.17
421,Puerto Baquerizo Moreno,75,EC,1604938144,83,-0.9,-89.6,71.6,10.29
422,São Paulo de Olivença,99,BR,1604938144,69,-3.38,-68.87,84.4,5.86
423,Kapoeta,92,SS,1604938145,47,4.77,33.59,85.51,7.18
424,Sneek,100,NL,1604938145,93,53.03,5.66,55.0,7.0
425,Cherskiy,100,RU,1604937980,94,68.75,161.3,3.11,4.65
426,Kondinskoye,92,RU,1604938145,97,59.65,67.41,26.44,8.05
427,Coaldale,20,CA,1604938145,83,49.72,-112.62,5.0,9.17
428,Kununurra,73,AU,1604938145,74,-15.77,128.73,84.2,5.82
429,Ankara,0,TR,1604938145,44,39.92,32.85,59.0,4.7
430,Grindavik,90,IS,1604938145,93,63.84,-22.43,46.4,20.8
431,Allāpalli,0,IN,1604938146,62,19.42,80.07,61.36,2.15
432,Vao,44,NC,1604937969,72,-22.67,167.48,70.34,15.86
433,Sistranda,75,NO,1604937980,87,63.73,8.83,44.6,12.75
434,Måløy,0,NO,1604937905,81,61.94,5.11,48.2,11.41
435,Novomikhaylovskiy,0,RU,1604938146,69,44.26,38.86,56.21,8.9
436,Sarandi,74,BR,1604938146,24,-23.44,-51.87,96.44,12.19
437,Alenquer,40,BR,1604938146,59,-1.94,-54.74,89.6,9.17
438,Yulara,43,AU,1604938147,30,-25.24,130.99,80.6,5.5
439,Kumluca,0,TR,1604938147,47,36.37,30.29,69.19,3.69
440,Lubbock,20,US,1604937916,77,33.6,-101.83,68.0,14.99
441,Ambilobe,39,MG,1604937991,70,-13.2,49.05,79.07,0.76
442,Mandera,60,KE,1604938147,44,3.94,41.87,88.75,11.34
443,Auki,61,SB,1604938147,81,-8.77,160.7,78.33,2.59
444,Mocuba,7,MZ,1604938147,30,-16.84,36.99,92.17,9.37
445,Abonnema,75,NG,1604938148,78,4.71,6.79,80.6,4.7
446,Kabalo,98,CD,1604938148,74,-6.05,26.92,78.48,2.39
447,Itoman,75,JP,1604938148,60,26.12,127.67,71.6,14.99
448,Pangai,16,TO,1604938148,84,-19.8,-174.35,76.23,17.16
449,Esmeralda,75,CU,1604938148,74,21.85,-78.12,84.2,11.41
450,Cody,90,US,1604938148,85,44.53,-109.06,21.0,4.7
451,Krasnoarmeysk,0,RU,1604938148,100,51.02,45.7,35.2,5.99
452,Belyy Yar,0,RU,1604938149,80,53.6,91.39,39.2,11.18
453,Vila Franca do Campo,40,PT,1604938149,72,37.72,-25.43,66.2,12.75
454,Puerto Maldonado,0,PE,1604938149,66,-12.6,-69.18,87.8,4.7
455,Hammerfest,75,NO,1604938149,80,70.66,23.68,35.6,25.28
456,Itaueira,0,BR,1604938149,43,-7.6,-43.03,91.06,9.1
457,Colombia,75,CU,1604938149,74,20.99,-77.43,84.2,11.41
458,Anse-Bertrand,100,GP,1604938150,70,16.47,-61.51,84.2,11.41
459,Te Anau,22,NZ,1604938150,91,-45.42,167.72,40.93,2.26
460,Ternate,71,ID,1604938150,77,0.8,127.4,80.73,4.32
461,Encinitas,1,US,1604938150,81,33.04,-117.29,52.0,4.7
462,Ixtapa,5,MX,1604937975,78,20.7,-105.2,82.99,4.7
463,São Borja,96,BR,1604938150,62,-28.66,-56.0,79.59,5.75
464,Tolbazy,90,RU,1604938151,74,54.02,55.88,35.6,11.18
465,Portel,27,BR,1604938151,45,-1.94,-50.82,93.96,5.77
466,Barranca,96,PE,1604938151,65,-10.75,-77.77,68.25,11.43
467,Ahome,90,MX,1604937929,60,25.92,-109.18,73.0,12.75
468,Pangoa,57,PE,1604938151,33,-12.12,-73.0,93.02,5.46
469,Bandar,100,ID,1604938151,95,2.05,99.75,74.95,1.83
470,Vágur,72,FO,1604938151,91,61.47,-6.81,50.27,17.87
471,Bulgan,0,MN,1604938152,83,48.81,103.53,32.36,3.56
472,Gravelbourg,100,CA,1604938152,78,49.88,-106.55,8.6,13.87
473,Praia,20,CV,1604938152,55,14.92,-23.51,86.0,23.04
474,Milton,86,US,1604938152,78,34.13,-84.3,71.01,5.01
475,Tadine,24,NC,1604938152,75,-21.55,167.88,70.32,13.2
476,Nishihara,20,JP,1604938152,60,26.18,127.76,71.6,9.17
477,Mandalgovi,19,MN,1604938153,75,45.76,106.27,33.06,8.63
478,Yumen,0,CN,1604938153,82,40.28,97.2,31.5,1.9
479,Enzan,42,JP,1604938153,78,35.7,138.73,42.01,0.69
480,Soller,0,ES,1604938153,64,39.77,2.72,70.0,2.24
481,Kismayo,63,SO,1604938153,74,-0.36,42.55,81.88,14.67
482,Farrukhnagar,0,IN,1604938153,60,17.08,78.2,69.8,3.36
483,Hamilton,20,US,1604937978,60,39.18,-84.53,71.01,10.29
484,Tampilisan,82,PH,1604938153,90,8.02,122.68,74.82,2.73
485,São Fidélis,90,BR,1604938154,78,-21.65,-41.75,80.6,2.06
486,Port Moresby,75,PG,1604938154,83,-9.44,147.18,78.8,17.22
487,Inuvik,100,CA,1604938154,76,68.35,-133.72,-5.8,8.05
488,Bogorodskoye,8,RU,1604938154,89,56.55,37.88,33.57,14.0
489,Phalaborwa,1,ZA,1604938154,26,-23.94,31.14,96.8,10.29
490,Pemba,20,MZ,1604938154,78,-12.97,40.52,82.4,14.99
491,Half Moon Bay,1,US,1604937965,48,37.46,-122.43,46.99,8.05
492,Shakiso,29,ET,1604938028,92,5.75,38.92,60.48,4.7
493,Porbandar,0,IN,1604938155,36,21.64,69.61,81.99,11.56
494,Óbidos,71,BR,1604938155,41,-1.92,-55.52,94.46,6.38
495,Moranbah,0,AU,1604938155,77,-22.0,148.05,65.16,13.13
496,Solnechnyy,98,RU,1604937977,87,50.72,136.63,11.23,2.95
497,Kasongo-Lunda,100,CD,1604938155,90,-6.47,16.82,76.3,4.12
498,Akdepe,0,TM,1604938155,70,42.06,59.38,46.4,4.7
499,Srandakan,93,ID,1604938156,85,-7.94,110.25,78.84,6.04
500,Bam,0,IR,1604938156,31,29.11,58.36,63.18,8.1
501,Wuwei,0,CN,1604938156,58,37.93,102.64,40.39,1.7
502,Camacupa,48,AO,1604938156,54,-12.02,17.48,73.62,5.35
503,Japeri,90,BR,1604938156,74,-22.64,-43.65,80.6,4.7
504,Safi,0,MA,1604938156,73,32.3,-9.24,68.5,19.24
505,Winneba,75,GH,1604938058,74,5.35,-0.62,84.2,3.36
506,Waipawa,100,NZ,1604938157,100,-41.41,175.52,50.0,27.51
507,Kailua,20,US,1604938157,69,21.4,-157.74,78.8,8.05
508,Acapulco de Juárez,5,MX,1604937789,78,16.86,-99.89,80.6,2.24
509,Zhuangyuan,0,CN,1604938157,67,37.3,120.83,43.0,0.74
510,Derzhavīnsk,100,KZ,1604938157,94,51.1,66.32,35.91,13.56
511,Arlit,0,NE,1604938157,16,18.74,7.39,83.97,5.41
512,Bonavista,96,CA,1604937978,69,48.65,-53.11,37.0,8.05
513,Pangody,100,RU,1604938158,97,65.85,74.49,14.27,5.3
514,Sioux Lookout,90,CA,1604937986,70,50.1,-91.92,42.8,9.17
515,Angoram,100,PG,1604938158,92,-4.06,144.07,75.49,0.65
516,Eyl,0,SO,1604938158,74,7.98,49.82,79.93,20.09
517,Kunshan,0,CN,1604938158,58,31.38,120.95,57.99,2.24
518,Lamu,75,KE,1604938159,94,-2.27,40.9,77.0,4.7
519,Três Lagoas,26,BR,1604937931,28,-20.75,-51.68,98.76,8.05
520,Novomalorossiyskaya,57,RU,1604938159,75,45.63,39.89,52.92,4.12
521,Lichinga,20,MZ,1604938159,39,-13.31,35.24,82.4,9.17
522,Pareora,93,NZ,1604938159,97,-44.49,171.21,50.0,2.95
523,Itupiranga,75,BR,1604938159,66,-5.13,-49.33,87.8,6.93
524,Arrondissement de Dole,0,FR,1604938159,72,47.08,5.5,62.6,2.24
525,Koslan,100,RU,1604938160,97,63.46,48.9,30.9,8.19
526,Madison,75,US,1604937899,69,34.73,-86.57,73.99,10.29
527,Laas,5,IT,1604937994,54,46.62,10.7,53.6,2.17
528,Udachny,90,RU,1604938160,92,66.42,112.4,8.6,13.42
529,Bichena,0,ET,1604938160,51,10.45,38.2,57.51,5.08
530,Vanimo,100,PG,1604938160,77,-2.67,141.3,80.31,2.86
531,Masaurhi,0,IN,1604938161,68,25.35,85.03,66.2,4.25
532,Şabyā,20,SA,1604938161,70,17.15,42.63,86.0,6.93
533,Broome,1,US,1604938161,51,42.25,-75.83,63.0,3.36
534,Simbahan,94,PH,1604938161,77,6.3,120.58,83.62,11.63
535,Port Hedland,0,AU,1604938161,73,-20.32,118.57,77.0,13.87
536,Finschhafen,78,PG,1604938161,79,-6.6,147.87,78.78,6.62
537,Trzebnica,86,PL,1604938161,96,51.31,17.06,48.0,1.01
538,Haapiti,75,PF,1604938162,94,-17.57,-149.87,71.6,3.36
539,Chardara,0,KZ,1604938162,49,41.25,67.97,50.72,0.25
540,Sar-e Pul,96,AF,1604938162,79,35.83,66.17,39.97,0.36
541,Takaka,96,NZ,1604938162,89,-40.85,172.8,48.99,4.56
542,Guigue,98,VE,1604938162,69,10.09,-67.78,83.8,1.9
543,Leh,81,IN,1604938162,53,34.17,77.58,35.55,3.22
544,Hambantota,40,LK,1604938162,100,6.12,81.12,77.0,4.7
545,Balabac,14,PH,1604938162,79,7.99,117.06,80.82,2.35
546,Kajaani,75,FI,1604938163,69,64.23,27.73,37.4,10.29
547,Eenhana,40,NA,1604938163,10,-17.47,16.33,102.2,6.93
548,Ngunguru,94,NZ,1604938086,95,-35.62,174.5,52.0,3.0
549,Raudeberg,99,NO,1604938163,76,61.99,5.14,48.0,15.46
550,Comodoro Rivadavia,0,AR,1604937982,49,-45.87,-67.5,69.8,6.93
551,Wanning,100,CN,1604938163,86,18.8,110.4,70.79,19.51
552,Mongo,66,TD,1604938164,23,12.18,18.69,89.35,3.76
553,Hurricane,100,US,1604938164,91,37.18,-113.29,39.0,6.67
554,Pangkalanbuun,8,ID,1604937972,91,-2.68,111.62,74.19,0.78
555,Nārnaund,0,IN,1604938164,23,29.22,76.15,68.29,0.4
556,General Roca,40,AR,1604938164,53,-39.03,-67.58,71.6,5.82
557,Sakakah,20,SA,1604938164,50,29.97,40.21,75.2,10.29
558,Khasan,0,RU,1604938164,82,42.43,130.64,29.66,16.53
559,Bestöbe,100,KZ,1604938164,88,52.5,73.1,38.05,16.93
560,Alice Springs,68,AU,1604938165,14,-23.7,133.88,84.2,6.93
561,Rubiera,4,IT,1604938165,76,44.65,10.78,60.01,0.78
562,Linköping,75,SE,1604938165,81,58.41,15.62,46.4,4.7
563,Concordia,75,AR,1604938020,73,-31.39,-58.02,70.0,4.7
564,Oranjemund,0,NA,1604937989,59,-28.55,16.43,61.05,30.49
565,Chapais,90,CA,1604937974,93,49.78,-74.85,50.0,9.17
566,Ginda,0,IN,1604938165,48,30.69,78.49,50.05,4.54
567,Verkhoyansk,0,RU,1604937961,80,67.54,133.38,-26.77,2.06
568,Palekastro,100,GR,1604938166,86,35.2,26.25,62.01,5.01
569,Gillette,90,US,1604937948,57,44.29,-105.5,19.0,16.11
570,Santa Gertrudes,0,BR,1604938167,28,-22.46,-47.53,95.0,9.17
571,Gizo Government Station,86,SB,1604938167,76,-8.1,156.84,82.65,8.14
572,Bayan,0,CN,1604938168,91,46.08,127.4,15.26,5.26
573,Gebre Guracha,22,ET,1604938168,47,9.8,38.4,57.67,4.54
574,Shelopugino,79,RU,1604938168,97,51.65,117.56,22.96,3.4
575,Kushima,5,JP,1604938169,69,31.46,131.23,54.16,4.41
576,Ulety,0,RU,1604938169,93,51.36,112.48,28.33,3.02
577,Puerto Escondido,40,MX,1604938169,69,15.85,-97.07,80.6,1.41
578,Shumikha,99,RU,1604938169,95,55.23,63.3,31.08,14.07
579,Verkhnyaya Toyma,100,RU,1604938169,97,62.23,45.0,31.3,7.81
580,Coolum Beach,14,AU,1604938169,82,-26.53,153.1,66.99,1.01
581,Isiro,84,CD,1604938170,73,2.77,27.62,74.77,3.87
582,Baruun-Urt,0,MN,1604938170,86,46.68,113.28,30.88,11.68
583,Inzer,99,RU,1604938170,96,54.22,57.56,29.57,10.07
584,Karasjok,75,NO,1604938170,69,69.47,25.51,37.4,21.92
585,Anadyr,75,RU,1604937975,92,64.75,177.48,28.4,15.66
586,Owando,84,CG,1604938170,96,-0.48,15.9,73.33,2.66
587,Nanortalik,100,GL,1604938170,96,60.14,-45.24,27.03,11.43
588,Honiara,20,SB,1604938171,94,-9.43,159.95,77.0,5.82
589,Roald,75,NO,1604938171,87,62.58,6.13,46.4,9.17
